{
  "DZ": "Africa/Algiers",
  "AO": "Africa/Luanda",
  "BJ": "Africa/Porto-Novo",
  "BW": "Africa/Gaborone",
  "BF": "Africa/Ouagadougou",
  "BI": "Africa/Bujumbura",
  "CM": "Africa/Douala",
  "CV": "Atlantic/Cape_Verde",
  "CF": "Africa/Bangui",
  "TD": "Africa/Ndjamena",
  "KM": "Indian/Comoro",
  "CG": "Africa/Brazzaville",
  "CD": "Africa/Kinshasa",
  "CI": "Africa/Abidjan",
  "DJ": "Africa/Djibouti",
  "EG": "Africa/Cairo",
  "GQ": "Africa/Malabo",
  "ER": "Africa/Asmara",
  "SZ": "Africa/Mbabane",
  "ET": "Africa/Addis_Ababa",
  "GA": "Africa/Libreville",
  "GM": "Africa/Banjul",
  "GH": "Africa/Accra",
  "GN": "Africa/Conakry",
  "GW": "Africa/Bissau",
  "KE": "Africa/Nairobi",
  "LS": "Africa/Maseru",
  "LR": "Africa/Monrovia",
  "LY": "Africa/Tripoli",
  "MG": "Indian/Antananarivo",
  "MW": "Africa/Blantyre",
  "ML": "Africa/Bamako",
  "MR": "Africa/Nouakchott",
  "MU": "Indian/Mauritius",
  "MA": "Africa/Casablanca",
  "MZ": "Africa/Maputo",
  "NA": "Africa/Windhoek",
  "NE": "Africa/Niamey",
  "NG": "Africa/Lagos",
  "RW": "Africa/Kigali",
  "ST": "Africa/Sao_Tome",
  "SN": "Africa/Dakar",
  "SC": "Indian/Mahe",
  "SL": "Africa/Freetown",
  "SO": "Africa/Mogadishu",
  "ZA": "Africa/Johannesburg",
  "SS": "Africa/Juba",
  "SD": "Africa/Khartoum",
  "TZ": "Africa/Dar_es_Salaam",
  "TG": "Africa/Lome",
  "TN": "Africa/Tunis",
  "UG": "Africa/Kampala",
  "ZM": "Africa/Lusaka",
  "ZW": "Africa/Harare",
  "EH": "Africa/El_Aaiun",
  "AR": "America/Argentina/Buenos_Aires",
  "BS": "America/Nassau",
  "BB": "America/Barbados",
  "BZ": "America/Belize",
  "BO": "America/La_Paz",
  "BR": "America/Sao_Paulo",
  "CA": "America/Toronto",
  "CL": "America/Santiago",
  "CO": "America/Bogota",
  "CR": "America/Costa_Rica",
  "CU": "America/Havana",
  "DM": "America/Dominica",
  "DO": "America/Santo_Domingo",
  "EC": "America/Guayaquil",
  "SV": "America/El_Salvador",
  "GD": "America/Grenada",
  "GT": "America/Guatemala",
  "GY": "America/Guyana",
  "HT": "America/Port-au-Prince",
  "HN": "America/Tegucigalpa",
  "JM": "America/Jamaica",
  "MX": "America/Mexico_City",
  "NI": "America/Managua",
  "PA": "America/Panama",
  "PY": "America/Asuncion",
  "PE": "America/Lima",
  "KN": "America/St_Kitts",
  "LC": "America/St_Lucia",
  "VC": "America/St_Vincent",
  "SR": "America/Paramaribo",
  "TT": "America/Port_of_Spain",
  "US": "America/New_York",
  "UY": "America/Montevideo",
  "VE": "America/Caracas",
  "AG": "America/Antigua",
  "PR": "America/Puerto_Rico",
  "VI": "America/St_Thomas",
  "GU": "Pacific/Guam",
  "AS": "Pacific/Pago_Pago",
  "MP": "Pacific/Saipan",
  "UM": "Pacific/Wake",
  "AF": "Asia/Kabul",
  "AM": "Asia/Yerevan",
  "AZ": "Asia/Baku",
  "BH": "Asia/Bahrain",
  "BD": "Asia/Dhaka",
  "BT": "Asia/Thimphu",
  "BN": "Asia/Brunei",
  "KH": "Asia/Phnom_Penh",
  "CN": "Asia/Shanghai",
  "GE": "Asia/Tbilisi",
  "HK": "Asia/Hong_Kong",
  "IN": "Asia/Kolkata",
  "ID": "Asia/Jakarta",
  "IR": "Asia/Tehran",
  "IQ": "Asia/Baghdad",
  "IL": "Asia/Jerusalem",
  "JP": "Asia/Tokyo",
  "JO": "Asia/Amman",
  "KZ": "Asia/Almaty",
  "KP": "Asia/Pyongyang",
  "KR": "Asia/Seoul",
  "KW": "Asia/Kuwait",
  "KG": "Asia/Bishkek",
  "LA": "Asia/Vientiane",
  "LB": "Asia/Beirut",
  "MO": "Asia/Macau",
  "MY": "Asia/Kuala_Lumpur",
  "MV": "Indian/Maldives",
  "MN": "Asia/Ulaanbaatar",
  "MM": "Asia/Yangon",
  "NP": "Asia/Kathmandu",
  "OM": "Asia/Muscat",
  "PK": "Asia/Karachi",
  "PS": "Asia/Gaza",
  "PH": "Asia/Manila",
  "QA": "Asia/Qatar",
  "SA": "Asia/Riyadh",
  "SG": "Asia/Singapore",
  "LK": "Asia/Colombo",
  "SY": "Asia/Damascus",
  "TW": "Asia/Taipei",
  "TJ": "Asia/Dushanbe",
  "TH": "Asia/Bangkok",
  "TL": "Asia/Dili",
  "TR": "Europe/Istanbul",
  "TM": "Asia/Ashgabat",
  "AE": "Asia/Dubai",
  "UZ": "Asia/Tashkent",
  "VN": "Asia/Ho_Chi_Minh",
  "YE": "Asia/Aden",
  "AL": "Europe/Tirane",
  "AD": "Europe/Andorra",
  "AT": "Europe/Vienna",
  "BY": "Europe/Minsk",
  "BE": "Europe/Brussels",
  "BA": "Europe/Sarajevo",
  "BG": "Europe/Sofia",
  "HR": "Europe/Zagreb",
  "CY": "Asia/Nicosia",
  "CZ": "Europe/Prague",
  "DK": "Europe/Copenhagen",
  "EE": "Europe/Tallinn",
  "FI": "Europe/Helsinki",
  "FR": "Europe/Paris",
  "DE": "Europe/Berlin",
  "GR": "Europe/Athens",
  "HU": "Europe/Budapest",
  "IS": "Atlantic/Reykjavik",
  "IE": "Europe/Dublin",
  "IT": "Europe/Rome",
  "XK": "Europe/Belgrade",
  "LV": "Europe/Riga",
  "LI": "Europe/Vaduz",
  "LT": "Europe/Vilnius",
  "LU": "Europe/Luxembourg",
  "MT": "Europe/Malta",
  "MD": "Europe/Chisinau",
  "MC": "Europe/Monaco",
  "ME": "Europe/Podgorica",
  "NL": "Europe/Amsterdam",
  "MK": "Europe/Skopje",
  "NO": "Europe/Oslo",
  "PL": "Europe/Warsaw",
  "PT": "Europe/Lisbon",
  "RO": "Europe/Bucharest",
  "RU": "Europe/Moscow",
  "SM": "Europe/San_Marino",
  "RS": "Europe/Belgrade",
  "SK": "Europe/Bratislava",
  "SI": "Europe/Ljubljana",
  "ES": "Europe/Madrid",
  "SE": "Europe/Stockholm",
  "CH": "Europe/Zurich",
  "UA": "Europe/Kiev",
  "GB": "Europe/London",
  "VA": "Europe/Vatican",
  "AX": "Europe/Mariehamn",
  "FO": "Atlantic/Faroe",
  "GI": "Europe/Gibraltar",
  "GG": "Europe/Guernsey",
  "IM": "Europe/Isle_of_Man",
  "JE": "Europe/Jersey",
  "SJ": "Arctic/Longyearbyen",
  "GL": "America/Godthab",
  "BL": "America/St_Barthelemy",
  "GF": "America/Cayenne",
  "GP": "America/Guadeloupe",
  "MF": "America/Marigot",
  "MQ": "America/Martinique",
  "NC": "Pacific/Noumea",
  "PF": "Pacific/Tahiti",
  "PM": "America/Miquelon",
  "RE": "Indian/Reunion",
  "TF": "Indian/Kerguelen",
  "WF": "Pacific/Wallis",
  "YT": "Indian/Mayotte",
  "AI": "America/Anguilla",
  "AW": "America/Aruba",
  "BM": "Atlantic/Bermuda",
  "BQ": "America/Kralendijk",
  "KY": "America/Cayman",
  "CW": "America/Curacao",
  "FK": "Atlantic/Stanley",
  "MS": "America/Montserrat",
  "SX": "America/Lower_Princes",
  "TC": "America/Grand_Turk",
  "VG": "America/Tortola",
  "AU": "Australia/Sydney",
  "CK": "Pacific/Rarotonga",
  "FJ": "Pacific/Fiji",
  "KI": "Pacific/Tarawa",
  "MH": "Pacific/Majuro",
  "FM": "Pacific/Pohnpei",
  "NR": "Pacific/Nauru",
  "NZ": "Pacific/Auckland",
  "NU": "Pacific/Niue",
  "PW": "Pacific/Palau",
  "PG": "Pacific/Port_Moresby",
  "WS": "Pacific/Apia",
  "SB": "Pacific/Guadalcanal",
  "TK": "Pacific/Fakaofo",
  "TO": "Pacific/Tongatapu",
  "TV": "Pacific/Funafuti",
  "VU": "Pacific/Efate",
  "CC": "Indian/Cocos",
  "CX": "Indian/Christmas",
  "HM": "Indian/Kerguelen",
  "NF": "Pacific/Norfolk",
  "AQ": "Antarctica/McMurdo",
  "BV": "Antarctica/Troll",
  "GS": "Atlantic/South_Georgia",
  "IO": "Indian/Chagos",
  "PN": "Pacific/Pitcairn",
  "SH": "Atlantic/St_Helena"
}